https://www.insidephilanthropy.com/find-a-grant/aging-grants/,grants-aging
https://www.insidephilanthropy.com/find-a-grant/glitzy-giving-donors/,grants-celebrity-foundations
https://www.insidephilanthropy.com/find-a-grant/civic-democracy-grants/,grants-civic-democracy
https://www.insidephilanthropy.com/find-a-grant/grants-for-college-access/,grants-college-access
https://www.insidephilanthropy.com/find-a-grant/grants-for-community-development/,grants-community-development
https://www.insidephilanthropy.com/find-a-grant/crime-violence-funders/,grants-violence-prevention
https://www.insidephilanthropy.com/find-a-grant/grants-for-films/,grants-film
https://www.insidephilanthropy.com/find-a-grant/food-and-nutrition-grants/,grants-food-security
https://www.insidephilanthropy.com/find-a-grant/fundraising-global-health/,grants-global-health
https://www.insidephilanthropy.com/find-a-grant/grants-for-animals/,grants-animals-rescue-welfare
https://www.insidephilanthropy.com/find-a-grant/arts-culture-grants/,grants-arts-culture
https://www.insidephilanthropy.com/find-a-grant/arts-education-grants/,grants-arts-education
https://www.insidephilanthropy.com/find-a-grant/fundraising-for-climate-change/,grants-climate-change-clean-energy
https://www.insidephilanthropy.com/find-a-grant/fundraising-for-dance/,grants-dance
https://www.insidephilanthropy.com/find-a-grant/grants-for-diseases/,grants-diseases
https://www.insidephilanthropy.com/find-a-grant/fundraising-early-childhood/,grants-early-childhood-education
https://www.insidephilanthropy.com/find-a-grant/grants-for-conservation/,grants-environmental-conservation
https://www.insidephilanthropy.com/find-a-grant/grants-for-global-development/,grants-international-development
https://www.insidephilanthropy.com/find-a-grant/grants-for-global-security/,grants-global-security
https://www.insidephilanthropy.com/find-a-grant/grants-for-higher-education/,grants-higher-education
https://www.insidephilanthropy.com/find-a-grant/grants-for-human-rights/,grants-human-rights
https://www.insidephilanthropy.com/find-a-grant/fundraising-disasters-grants/,grants-disaster-preparedness
https://www.insidephilanthropy.com/find-a-grant/grants-immigrants-refugees/,grants-immigrants-refugees
https://www.insidephilanthropy.com/find-a-grant/grants-for-indigenous-rights/,grants-indigenous-rights-justice
https://www.insidephilanthropy.com/find-a-grant/jewish-funders/,jewish-foundations
https://www.insidephilanthropy.com/find-a-grant/grants-for-k-12-education/,grants-k-12-education
https://www.insidephilanthropy.com/find-a-grant/marine-conservation-grants/,grants-marine-conservation
https://www.insidephilanthropy.com/find-a-grant/grants-for-public-health-fundraising/,Grants-public-health
https://www.insidephilanthropy.com/find-a-grant/grants-for-reproductive-health/,grants-reproductive-rights
https://www.insidephilanthropy.com/find-a-grant/grants-for-scientific-research/,grants-science-research
https://www.insidephilanthropy.com/find-a-grant/science-education-grants/,grants-science-research
https://www.insidephilanthropy.com/find-a-grant/sustainable-agriculture-grants/,grants-sustainable-agriculture
https://www.insidephilanthropy.com/find-a-grant/fundraising-theater-grants/,grants-theater
https://www.insidephilanthropy.com/find-a-grant/military-veterans-funders/,grants-veterans
https://www.insidephilanthropy.com/find-a-grant/grants-for-violence-prevention/,grants-violence-prevention
https://www.insidephilanthropy.com/find-a-grant/girls-women-funders/,grants-women-girls
https://www.insidephilanthropy.com/find-a-grant/housing-grants/,grants-housing-homelessness
https://www.insidephilanthropy.com/find-a-grant/humanities-funders/,grants-humanities-research
https://www.insidephilanthropy.com/find-a-grant/fundraising-for-journalism/,grants-journalism-media
https://www.insidephilanthropy.com/find-a-grant/fundraising-for-lgbt/,grants-lgbtq
https://www.insidephilanthropy.com/find-a-grant/grants-for-mental-health/,grants-mental-health
https://www.insidephilanthropy.com/find-a-grant/fundraising-music-grants/,grants-music
https://www.insidephilanthropy.com/find-a-grant/grants-brain-science-disease/,grants-neuroscience-cell-research
https://www.insidephilanthropy.com/find-a-grant/progressive-funders/,grants-progressive-funders
https://www.insidephilanthropy.com/find-a-grant/grants-for-racial-justice-equity/,grants-for-racial-equity-justice
https://www.insidephilanthropy.com/find-a-grant/tech-philanthropists/,grants-tech-philanthropists
https://www.insidephilanthropy.com/find-a-grant/fundraising-for-the-fine-arts/,grants-visual-arts
https://www.insidephilanthropy.com/find-a-grant/wall-street-philanthropy/,grants-wall-street-donors
https://www.insidephilanthropy.com/find-a-grant/grants-for-wildlife-conservation/,grants-wildlife-conservation
https://www.insidephilanthropy.com/find-a-grant/work-opportunity-grants/,grants-economic-development
https://www.insidephilanthropy.com/find-a-grant/grants-for-creative-writing/grants-creative-writing,grants-creative-writing
