https://www.insidephilanthropy.com/find-a-grant-places/arkansas-grants,arkansas-grants
https://www.insidephilanthropy.com/find-a-grant-places/bay-area-grants,bay-area-grants
https://www.insidephilanthropy.com/find-a-grant-places/colorado-grants,colorado-grants
https://www.insidephilanthropy.com/find-a-grant-places/connecticut-grants,connecticut-grants
https://www.insidephilanthropy.com/find-a-grant-places/delaware-grants,delaware-grants
https://www.insidephilanthropy.com/find-a-grant-places/florida-grants,florida-grants
https://www.insidephilanthropy.com/find-a-grant-places/georgia-grants,georgia-grants
https://www.insidephilanthropy.com/find-a-grant-places/idaho-grants,idaho-grants
https://www.insidephilanthropy.com/find-a-grant-places/illinois-grants,illinois-grants
https://www.insidephilanthropy.com/find-a-grant-places/indiana-grants,indiana-grants
https://www.insidephilanthropy.com/find-a-grant-places/iowa-grants,iowa-grants
https://www.insidephilanthropy.com/find-a-grant-places/kansas-grants,kansas-grants
https://www.insidephilanthropy.com/find-a-grant-places/kentucky-grants,kentucky-grants
https://www.insidephilanthropy.com/find-a-grant-places/louisiana-grants,louisiana-grants
https://www.insidephilanthropy.com/find-a-grant-places/maine-grants,maine-grants
https://www.insidephilanthropy.com/find-a-grant-places/maryland-grants,maryland-grants
https://www.insidephilanthropy.com/find-a-grant-places/massachusetts-grants,massachusetts-grants
https://www.insidephilanthropy.com/find-a-grant-places/michigan-grants,michigan-grants
https://www.insidephilanthropy.com/find-a-grant-places/minnesota-grants,minnesota-grants
https://www.insidephilanthropy.com/find-a-grant-places/mississippi-grants,mississippi-grants
https://www.insidephilanthropy.com/find-a-grant-places/missouri-grants,missouri-grants
https://www.insidephilanthropy.com/find-a-grant-places/montana-grants,montana-grants
https://www.insidephilanthropy.com/find-a-grant-places/nebraska-grants,nebraska-grants
https://www.insidephilanthropy.com/find-a-grant-places/nevada-grants,nevada-grants
https://www.insidephilanthropy.com/find-a-grant-places/new-hampshire-grant,new-hampshire-grants
https://www.insidephilanthropy.com/find-a-grant-places/new-jersey-grants,new-jersey-grants
https://www.insidephilanthropy.com/find-a-grant-places/new-mexico-grants,new-mexico-grants
https://www.insidephilanthropy.com/find-a-grant-places/new-york-grants,new-york-grants
https://www.insidephilanthropy.com/find-a-grant-places/north-carolina-grants,north-carolina-grants
https://www.insidephilanthropy.com/find-a-grant-places/north-dakota-grants,north-dakota-grants
https://www.insidephilanthropy.com/find-a-grant-places/ohio-grants,ohio-grants
https://www.insidephilanthropy.com/find-a-grant-places/oklahoma-grants,oklahoma-grants
https://www.insidephilanthropy.com/find-a-grant-places/oregon-grants,oregon-grants
https://www.insidephilanthropy.com/find-a-grant-places/pennsylvania-grants,pennsylvania-grants
https://www.insidephilanthropy.com/find-a-grant-places/rhode-island-grants,rhode-island-grants
https://www.insidephilanthropy.com/find-a-grant-places/south-carolina-grants,south-carolina-grants
https://www.insidephilanthropy.com/find-a-grant-places/south-dakota-grants,south-dakota-grants
https://www.insidephilanthropy.com/find-a-grant-places/southern-california-grants,southern-california-grants
https://www.insidephilanthropy.com/find-a-grant-places/tennessee-grants,tennessee-grants
https://www.insidephilanthropy.com/find-a-grant-places/texas-grants,texas-grants
https://www.insidephilanthropy.com/find-a-grant-places/utah-grants,utah-grants
https://www.insidephilanthropy.com/find-a-grant-places/vermont-grants,vermont-grants
https://www.insidephilanthropy.com/find-a-grant-places/virginia-grants,virginia-grants
https://www.insidephilanthropy.com/find-a-grant-places/washington-dc-grants,washington-dc-grants
https://www.insidephilanthropy.com/find-a-grant-places/washington-grants,washington-grants
https://www.insidephilanthropy.com/find-a-grant-places/wisconsin-grants,wisconsin-grants
https://www.insidephilanthropy.com/find-a-grant-places/wyoming-grants,wyoming-grants
