identifier,reason,tag_name,tag_id
https://www.staging24.insidephilanthropy.com/grants-for-scientific-research/research-corporation-for-science-advancement-grants-for-scie.html,post-not-found,grants-science-research,33364
135240,already-tagged,grants-science-research,33364
135272,already-tagged,grants-science-research,33364
135297,already-tagged,grants-science-research,33364
135344,already-tagged,grants-science-research,33364
135348,already-tagged,grants-science-research,33364
135349,already-tagged,grants-science-research,33364
135377,already-tagged,grants-science-research,33364
135975,already-tagged,grants-science-research,33364
136176,already-tagged,grants-science-research,33364
135405,already-tagged,grants-science-research,33364
135135,already-tagged,grants-science-research,33364
136135,already-tagged,grants-science-research,33364
135483,already-tagged,grants-science-research,33364
135080,already-tagged,grants-science-research,33364
136278,already-tagged,grants-science-research,33364
135085,already-tagged,grants-science-research,33364
136438,already-tagged,grants-science-research,33364
135543,already-tagged,grants-science-research,33364
136201,already-tagged,grants-science-research,33364
135645,already-tagged,grants-science-research,33364
136205,already-tagged,grants-science-research,33364
136210,already-tagged,grants-science-research,33364
136100,already-tagged,grants-science-research,33364
136151,already-tagged,grants-science-research,33364
136409,already-tagged,grants-science-research,33364
136233,already-tagged,grants-science-research,33364
136091,already-tagged,grants-science-research,33364
